id;category;message;location;hash
1;app;"Ссылка с подтверждением регистрации отправлена на Email.";"[""frontend/modules/signup/controllers/DefaultController.php"",""frontend/modules/profile/controllers/AuthController.php""]";578ff32d6b46dc41547852164a85c24c
2;app;"Email успешно подтвержден.";"[""frontend/modules/signup/controllers/DefaultController.php"",""frontend/modules/profile/controllers/AuthController.php""]";578ff32d6b46dc41547852164a85c24c
3;app;Регистрация;"[""frontend/modules/signup/views/default/index.php"",""frontend/modules/profile/views/auth/signup.php"",""Table \"document\" field \"name\", ID = 6"",""Table \"document\" field \"title\", ID = 6""]";578ff32d6b46dc41547852164a85c24c
4;app;"Проверьте ваш Емайл и следуйте дальнейшим инструкциям.";"[""frontend/modules/profile/controllers/AuthController.php"",""frontend/modules/login/controllers/DefaultController.php""]";578ff32d6b46dc41547852164a85c24c
5;app;"Сожалеем, мы не смогли сбросить пароль для указанного адреса электронной почты";"[""frontend/modules/profile/controllers/AuthController.php"",""frontend/modules/login/controllers/DefaultController.php""]";578ff32d6b46dc41547852164a85c24c
6;app;"Новый пароль сохранен.";"[""frontend/modules/profile/controllers/AuthController.php"",""frontend/modules/login/controllers/DefaultController.php""]";578ff32d6b46dc41547852164a85c24c
7;app;Выйти;"[""frontend/modules/profile/views/default/index.php""]";578ff32d6b46dc41547852164a85c24c
12;app;"Сброс пароля";"[""frontend/modules/login/views/default/resetPassword.php"",""Table \"document\" field \"name\", ID = 10"",""Table \"document\" field \"title\", ID = 10""]";578ff32d6b46dc41547852164a85c24c
13;app;"Введите новый пароль";"[""frontend/modules/login/views/default/resetPassword.php""]";578ff32d6b46dc41547852164a85c24c
14;app;Сохранить;"[""frontend/modules/login/views/default/resetPassword.php""]";578ff32d6b46dc41547852164a85c24c
17;app;Отправить;"[""frontend/modules/login/views/default/requestPasswordResetToken.php""]";578ff32d6b46dc41547852164a85c24c
18;app;Войти;"[""frontend/modules/login/views/default/index.php"",""Table \"document\" field \"name\", ID = 5"",""Table \"document\" field \"title\", ID = 5""]";578ff32d6b46dc41547852164a85c24c
19;app;"Я забыл свой пароль";"[""frontend/modules/login/views/default/index.php""]";578ff32d6b46dc41547852164a85c24c
20;app;"Главная страница";"[""Table \"document\" field \"name\", ID = 2"",""Table \"document\" field \"title\", ID = 2""]";578ff32d6b46dc41547852164a85c24c
22;app;Публикации;"[""Table \"document\" field \"name\", ID = 3"",""Table \"document\" field \"title\", ID = 3""]";578ff32d6b46dc41547852164a85c24c
23;app;"<h1>Публикации</h1>
";"[""Table \"document\" field \"content\", ID = 3""]";578ff32d6b46dc41547852164a85c24c
28;app;Профиль;"[""Table \"document\" field \"name\", ID = 7"",""Table \"document\" field \"title\", ID = 7""]";578ff32d6b46dc41547852164a85c24c
34;app;Корзина;"[""Table \"document\" field \"name\", ID = 11"",""Table \"document\" field \"title\", ID = 11""]";578ff32d6b46dc41547852164a85c24c
37;app;Континент;"[""common/models/GeoCountry.php""]";578ff32d6b46dc41547852164a85c24c
38;app;"Русское название";"[""common/models/GeoCountry.php"",""common/models/GeoCity.php"",""common/models/GeoRegion.php""]";578ff32d6b46dc41547852164a85c24c
39;app;Широта;"[""common/models/GeoCountry.php"",""common/models/GeoCity.php""]";578ff32d6b46dc41547852164a85c24c
40;app;Долгота;"[""common/models/GeoCountry.php"",""common/models/GeoCity.php""]";578ff32d6b46dc41547852164a85c24c
41;app;"Временная зона";"[""common/models/GeoCountry.php"",""common/models/GeoRegion.php""]";578ff32d6b46dc41547852164a85c24c
42;app;"Короткое название";"[""common/models/GeoCountry.php""]";578ff32d6b46dc41547852164a85c24c
43;app;"Длинное название";"[""common/models/GeoCountry.php""]";578ff32d6b46dc41547852164a85c24c
44;app;"Цифровой код";"[""common/models/GeoCountry.php""]";578ff32d6b46dc41547852164a85c24c
45;app;Участник;"[""common/models/GeoCountry.php""]";578ff32d6b46dc41547852164a85c24c
46;app;"Телефонный код";"[""common/models/GeoCountry.php""]";578ff32d6b46dc41547852164a85c24c
47;app;"Доменная зона";"[""common/models/GeoCountry.php""]";578ff32d6b46dc41547852164a85c24c
48;app;"Количество цифр в телефонном номере";"[""common/models/GeoCountry.php""]";578ff32d6b46dc41547852164a85c24c
49;app;Валюта;"[""common/models/GeoCountry.php""]";578ff32d6b46dc41547852164a85c24c
50;app;"Система измерения";"[""common/models/GeoCountry.php""]";578ff32d6b46dc41547852164a85c24c
51;app;Активный;"[""common/models/GeoCountry.php""]";578ff32d6b46dc41547852164a85c24c
52;app;Название;"[""common/models/ValueString.php"",""common/models/AuthItem.php"",""common/models/ValueText.php"",""common/models/AuthRule.php"",""common/models/ValueInt.php"",""common/models/ValueFile.php"",""common/models/ValueNumeric.php""]";578ff32d6b46dc41547852164a85c24c
53;app;Значение;"[""common/models/ValueString.php"",""common/models/ValueText.php"",""common/models/ValueInt.php"",""common/models/ValueNumeric.php""]";578ff32d6b46dc41547852164a85c24c
54;app;Тип;"[""common/models/ValueString.php"",""common/models/AuthItem.php"",""common/models/ValueText.php"",""common/models/ValueInt.php"",""common/models/ValueFile.php"",""common/models/ValueNumeric.php""]";578ff32d6b46dc41547852164a85c24c
55;app;Документ;"[""common/models/ValueString.php"",""common/models/ValueText.php"",""common/models/Visit.php"",""common/models/ValueInt.php"",""common/models/Like.php"",""common/models/ValueFile.php"",""common/models/ValueNumeric.php""]";578ff32d6b46dc41547852164a85c24c
56;app;Поле;"[""common/models/ValueString.php"",""common/models/ValueText.php"",""common/models/ValueInt.php"",""common/models/ValueFile.php"",""common/models/ValueNumeric.php""]";578ff32d6b46dc41547852164a85c24c
58;app;Наименование;"[""common/models/Document.php"",""common/models/Field.php"",""common/models/Template.php""]";578ff32d6b46dc41547852164a85c24c
59;app;Алиас;"[""common/models/Document.php""]";578ff32d6b46dc41547852164a85c24c
61;app;Заголовок;"[""common/models/Document.php""]";578ff32d6b46dc41547852164a85c24c
62;app;"Мета ключи";"[""common/models/Document.php""]";578ff32d6b46dc41547852164a85c24c
63;app;"Мета описание";"[""common/models/Document.php""]";578ff32d6b46dc41547852164a85c24c
64;app;Аннотация;"[""common/models/Document.php""]";578ff32d6b46dc41547852164a85c24c
65;app;Содержание;"[""common/models/Document.php""]";578ff32d6b46dc41547852164a85c24c
66;app;Статус;"[""common/models/Document.php"",""common/models/User.php"",""common/models/Template.php""]";578ff32d6b46dc41547852164a85c24c
67;app;Папка?;"[""common/models/Document.php""]";578ff32d6b46dc41547852164a85c24c
68;app;Родитель;"[""common/models/Document.php"",""common/models/AuthItemChild.php""]";578ff32d6b46dc41547852164a85c24c
69;app;Шаблон;"[""common/models/Document.php"",""common/models/Field.php""]";578ff32d6b46dc41547852164a85c24c
70;app;"Время создания";"[""common/models/Document.php"",""common/models/AuthItem.php"",""common/models/AuthRule.php"",""common/models/AuthAssignment.php"",""common/models/User.php"",""common/models/Like.php""]";578ff32d6b46dc41547852164a85c24c
71;app;"Время изменения";"[""common/models/Document.php"",""common/models/AuthItem.php"",""common/models/AuthRule.php"",""common/models/AuthAssignment.php"",""common/models/User.php""]";578ff32d6b46dc41547852164a85c24c
72;app;Создал;"[""common/models/Document.php""]";578ff32d6b46dc41547852164a85c24c
73;app;Изменил;"[""common/models/Document.php""]";578ff32d6b46dc41547852164a85c24c
74;app;Доступ;"[""common/models/Document.php""]";578ff32d6b46dc41547852164a85c24c
75;app;Пользователь;"[""common/models/UserOauthKey.php"",""common/models/Visit.php"",""common/models/AuthAssignment.php"",""common/models/Like.php""]";578ff32d6b46dc41547852164a85c24c
76;app;Провайдер;"[""common/models/UserOauthKey.php""]";578ff32d6b46dc41547852164a85c24c
77;app;"Прользователь провайдера";"[""common/models/UserOauthKey.php""]";578ff32d6b46dc41547852164a85c24c
78;app;Страница;"[""common/models/UserOauthKey.php""]";578ff32d6b46dc41547852164a85c24c
79;app;Описание;"[""common/models/AuthItem.php"",""common/models/Template.php""]";578ff32d6b46dc41547852164a85c24c
80;app;Правило;"[""common/models/AuthItem.php""]";578ff32d6b46dc41547852164a85c24c
81;app;Данные;"[""common/models/AuthItem.php"",""common/models/AuthRule.php""]";578ff32d6b46dc41547852164a85c24c
82;app;"Тип поля";"[""common/models/Field.php""]";578ff32d6b46dc41547852164a85c24c
83;app;Обязательное;"[""common/models/Field.php""]";578ff32d6b46dc41547852164a85c24c
84;app;Уникальное;"[""common/models/Field.php""]";578ff32d6b46dc41547852164a85c24c
87;app;"Дополнительные параметры";"[""common/models/Field.php""]";578ff32d6b46dc41547852164a85c24c
88;app;Дочерний;"[""common/models/AuthItemChild.php""]";578ff32d6b46dc41547852164a85c24c
89;app;"Пользователь с введем адресом электронной почты не зарегистрирован";"[""common/models/forms/PasswordResetRequestForm.php""]";578ff32d6b46dc41547852164a85c24c
90;app;"Электронная почта";"[""common/models/forms/PasswordResetRequestForm.php""]";578ff32d6b46dc41547852164a85c24c
91;app;"{name} робот";"[""common/models/forms/PasswordResetRequestForm.php"",""common/models/forms/PasswordResetRequestForm.php"",""common/models/forms/SignupForm.php""]";578ff32d6b46dc41547852164a85c24c
92;app;"Сброс пароля для {name}";"[""common/models/forms/PasswordResetRequestForm.php"",""common/models/forms/PasswordResetRequestForm.php"",""common/models/forms/SignupForm.php""]";578ff32d6b46dc41547852164a85c24c
93;app;Фото;"[""common/models/forms/UserForm.php"",""common/models/User.php""]";578ff32d6b46dc41547852164a85c24c
94;app;Пароль;"[""common/models/forms/UserForm.php"",""common/models/forms/SignupForm.php"",""common/models/forms/LoginForm.php"",""common/models/forms/ResetPasswordForm.php""]";578ff32d6b46dc41547852164a85c24c
95;app;"Подтверждение пароля";"[""common/models/forms/UserForm.php""]";578ff32d6b46dc41547852164a85c24c
96;app;Роль;"[""common/models/forms/UserForm.php"",""common/models/extend/AuthItemExtend.php"",""common/models/extend/AuthItemExtend.php""]";578ff32d6b46dc41547852164a85c24c
97;app;"Данный Email уже зарегистрирован.";"[""common/models/forms/SignupForm.php""]";578ff32d6b46dc41547852164a85c24c
98;app;"Подтверждение регистрации на сайте";"[""common/models/forms/SignupForm.php""]";578ff32d6b46dc41547852164a85c24c
99;app;"Отсутствует код подтверждения.";"[""common/models/forms/EmailConfirm.php""]";578ff32d6b46dc41547852164a85c24c
100;app;"Неверный токен.";"[""common/models/forms/EmailConfirm.php""]";578ff32d6b46dc41547852164a85c24c
101;app;"Минимальная дата";"[""common/models/forms/FieldForm.php""]";578ff32d6b46dc41547852164a85c24c
102;app;"Максимальная дата";"[""common/models/forms/FieldForm.php""]";578ff32d6b46dc41547852164a85c24c
103;app;"Расширение файлов";"[""common/models/forms/FieldForm.php""]";578ff32d6b46dc41547852164a85c24c
104;app;"Список не может быть пустым.";"[""common/models/forms/FieldForm.php""]";578ff32d6b46dc41547852164a85c24c
105;app;"Список разрешений";"[""common/models/forms/AuthItemForm.php""]";578ff32d6b46dc41547852164a85c24c
106;app;"Запомнить меня";"[""common/models/forms/LoginForm.php""]";578ff32d6b46dc41547852164a85c24c
107;app;"Неправильная введен Email или Пароль.";"[""common/models/forms/LoginForm.php""]";578ff32d6b46dc41547852164a85c24c
108;app;"Аккаунт не подтвержден. Проверьте Email.";"[""common/models/forms/LoginForm.php""]";578ff32d6b46dc41547852164a85c24c
109;app;"Аккаунт заблокирован. Свяжитель с администратором.";"[""common/models/forms/LoginForm.php""]";578ff32d6b46dc41547852164a85c24c
110;app;"Поле ""{field}"" обязательно для заполнения.";"[""common/models/forms/DocumentForm.php"",""common/models/forms/DocumentForm.php"",""common/models/forms/DocumentForm.php""]";578ff32d6b46dc41547852164a85c24c
111;app;"Поле ""{field}"" не является email адресом.";"[""common/models/forms/DocumentForm.php""]";578ff32d6b46dc41547852164a85c24c
112;app;"Поле ""{field}"" не является ссылкой.";"[""common/models/forms/DocumentForm.php""]";578ff32d6b46dc41547852164a85c24c
113;app;"Поле ""{field}"" не является YuoTube ссылкой.";"[""common/models/forms/DocumentForm.php""]";578ff32d6b46dc41547852164a85c24c
114;app;"Файлы могут иметь следующие расширения {extentions}";"[""common/models/forms/DocumentForm.php""]";578ff32d6b46dc41547852164a85c24c
122;app;"Токен сброса не может быть пустым.";"[""common/models/forms/ResetPasswordForm.php""]";578ff32d6b46dc41547852164a85c24c
123;app;"Не верный токен сброса пароля.";"[""common/models/forms/ResetPasswordForm.php""]";578ff32d6b46dc41547852164a85c24c
124;app;"Английское название";"[""common/models/GeoCity.php"",""common/models/GeoRegion.php""]";578ff32d6b46dc41547852164a85c24c
125;app;ОКАТО;"[""common/models/GeoCity.php"",""common/models/GeoRegion.php""]";578ff32d6b46dc41547852164a85c24c
126;app;Регион;"[""common/models/GeoCity.php"",""common/models/extend/FieldExtend.php""]";578ff32d6b46dc41547852164a85c24c
127;app;"Категория сообщения";"[""common/models/SourceMessage.php""]";578ff32d6b46dc41547852164a85c24c
128;app;Сообщение;"[""common/models/SourceMessage.php""]";578ff32d6b46dc41547852164a85c24c
129;app;Местонахождение;"[""common/models/SourceMessage.php""]";578ff32d6b46dc41547852164a85c24c
130;app;"Хеш сообщения";"[""common/models/SourceMessage.php""]";578ff32d6b46dc41547852164a85c24c
132;app;"Данные браузера";"[""common/models/Visit.php"",""common/models/Like.php""]";578ff32d6b46dc41547852164a85c24c
133;app;Имя;"[""common/models/User.php""]";578ff32d6b46dc41547852164a85c24c
134;app;Фамилия;"[""common/models/User.php""]";578ff32d6b46dc41547852164a85c24c
135;app;"Ключ авторизации";"[""common/models/User.php""]";578ff32d6b46dc41547852164a85c24c
136;app;"Хеш пароля";"[""common/models/User.php""]";578ff32d6b46dc41547852164a85c24c
137;app;"Токен восстановления пароля";"[""common/models/User.php""]";578ff32d6b46dc41547852164a85c24c
138;app;"Токен подтвердждения Email";"[""common/models/User.php""]";578ff32d6b46dc41547852164a85c24c
139;app;Пол;"[""common/models/User.php""]";578ff32d6b46dc41547852164a85c24c
140;app;"Дата рождения";"[""common/models/User.php""]";578ff32d6b46dc41547852164a85c24c
141;app;Телефон;"[""common/models/User.php""]";578ff32d6b46dc41547852164a85c24c
142;app;Страна;"[""common/models/User.php"",""common/models/GeoRegion.php"",""common/models/extend/FieldExtend.php""]";578ff32d6b46dc41547852164a85c24c
143;app;Город;"[""common/models/User.php"",""common/models/extend/FieldExtend.php""]";578ff32d6b46dc41547852164a85c24c
144;app;Адрес;"[""common/models/User.php"",""common/models/extend/FieldExtend.php""]";578ff32d6b46dc41547852164a85c24c
145;app;Авторизован;"[""common/models/User.php""]";578ff32d6b46dc41547852164a85c24c
146;app;"Имя файла";"[""common/models/ValueFile.php""]";578ff32d6b46dc41547852164a85c24c
147;app;Расширение;"[""common/models/ValueFile.php""]";578ff32d6b46dc41547852164a85c24c
148;app;Размер;"[""common/models/ValueFile.php""]";578ff32d6b46dc41547852164a85c24c
149;app;"Путь к файлу";"[""common/models/ValueFile.php"",""common/models/Template.php""]";578ff32d6b46dc41547852164a85c24c
156;app;Чекбокс;"[""common/models/extend/FieldExtend.php""]";578ff32d6b46dc41547852164a85c24c
157;app;Радиокнопка;"[""common/models/extend/FieldExtend.php""]";578ff32d6b46dc41547852164a85c24c
158;app;Список;"[""common/models/extend/FieldExtend.php""]";578ff32d6b46dc41547852164a85c24c
159;app;"Список с мультивыбором";"[""common/models/extend/FieldExtend.php""]";578ff32d6b46dc41547852164a85c24c
160;app;Цена;"[""common/models/extend/FieldExtend.php""]";578ff32d6b46dc41547852164a85c24c
161;app;Дата;"[""common/models/extend/FieldExtend.php""]";578ff32d6b46dc41547852164a85c24c
162;app;"Диапазон дат";"[""common/models/extend/FieldExtend.php""]";578ff32d6b46dc41547852164a85c24c
163;app;"Эл. почта";"[""common/models/extend/FieldExtend.php""]";578ff32d6b46dc41547852164a85c24c
164;app;Ссылка;"[""common/models/extend/FieldExtend.php""]";578ff32d6b46dc41547852164a85c24c
165;app;"Страница соц. сети";"[""common/models/extend/FieldExtend.php""]";578ff32d6b46dc41547852164a85c24c
166;app;"Видео YouTube";"[""common/models/extend/FieldExtend.php""]";578ff32d6b46dc41547852164a85c24c
167;app;Файл;"[""common/models/extend/FieldExtend.php""]";578ff32d6b46dc41547852164a85c24c
168;app;"Несколько файлов";"[""common/models/extend/FieldExtend.php""]";578ff32d6b46dc41547852164a85c24c
169;app;Разрешение;"[""common/models/extend/AuthItemExtend.php"",""common/models/extend/AuthItemExtend.php""]";578ff32d6b46dc41547852164a85c24c
170;app;"Авторизованный пользователь";"[""common/models/extend/DocumentExtend.php""]";578ff32d6b46dc41547852164a85c24c
171;app;"Все пользователи";"[""common/models/extend/DocumentExtend.php""]";578ff32d6b46dc41547852164a85c24c
172;app;Гости;"[""common/models/extend/DocumentExtend.php""]";578ff32d6b46dc41547852164a85c24c
173;app;"Не подтвержден";"[""common/models/extend/DocumentExtend.php""]";578ff32d6b46dc41547852164a85c24c
174;app;Опубликован;"[""common/models/extend/DocumentExtend.php""]";578ff32d6b46dc41547852164a85c24c
175;app;Заблокирован;"[""common/models/extend/DocumentExtend.php"",""common/models/extend/UserExtend.php""]";578ff32d6b46dc41547852164a85c24c
176;app;Активен;"[""common/models/extend/UserExtend.php""]";578ff32d6b46dc41547852164a85c24c
177;app;"Не активен";"[""common/models/extend/UserExtend.php""]";578ff32d6b46dc41547852164a85c24c
178;app;Мужской;"[""common/models/extend/UserExtend.php""]";578ff32d6b46dc41547852164a85c24c
179;app;Женский;"[""common/models/extend/UserExtend.php""]";578ff32d6b46dc41547852164a85c24c
180;app;"Поиск по токену не поддерживается.";"[""common/models/extend/UserExtend.php""]";578ff32d6b46dc41547852164a85c24c
181;app;"Язык перевода";"[""common/models/Message.php""]";578ff32d6b46dc41547852164a85c24c
182;app;Перевод;"[""common/models/Message.php""]";578ff32d6b46dc41547852164a85c24c
183;app;"Хеш перевода";"[""common/models/Message.php""]";578ff32d6b46dc41547852164a85c24c
184;app;"Это имя уже используется в данной папке.";"[""common/components/validators/DocumentNameValidator.php""]";578ff32d6b46dc41547852164a85c24c
185;app;"Дополнительные поля должны являться массивом.";"[""common/components/validators/DocumentArrayValidator.php""]";578ff32d6b46dc41547852164a85c24c
186;app;"Этот маршрут уже используется в данной папке.";"[""common/components/validators/DocumentRouteValidator.php""]";578ff32d6b46dc41547852164a85c24c
187;app;"Этот алиас уже используется в данной папке.";"[""common/components/validators/DocumentAliasValidator.php""]";578ff32d6b46dc41547852164a85c24c
188;app;Здравствуйте;"[""common/mail/password-reset-token.php"",""common/mail/confirm-email.php""]";578ff32d6b46dc41547852164a85c24c
189;app;"Перейдите по ссылке ниже, чтобы сбросить ваш пароль";"[""common/mail/password-reset-token.php""]";578ff32d6b46dc41547852164a85c24c
190;app;"Для подтверждения адреса и первичной авторизации пройдите по ссылке";"[""common/mail/confirm-email.php""]";578ff32d6b46dc41547852164a85c24c
192;app;Ошибка!;"[""common/widgets/GetCsv/controllers/CsvManagerController.php""]";578ff32d6b46dc41547852164a85c24c
193;app;"У вас недостаточно прав.";"[""common/widgets/GetCsv/controllers/CsvManagerController.php""]";578ff32d6b46dc41547852164a85c24c
194;app;"Включите разширение PHP ""zip"" или установите ZipArchive на сервере.";"[""common/widgets/GetCsv/controllers/CsvManagerController.php""]";578ff32d6b46dc41547852164a85c24c
195;app;"Модели не переданы.";"[""common/widgets/GetCsv/controllers/CsvManagerController.php""]";578ff32d6b46dc41547852164a85c24c
196;app;"Выберите город";"[""common/widgets/Fields/FieldCity.php""]";578ff32d6b46dc41547852164a85c24c
198;app;"Создать папку";"[""common/widgets/JsTreeWidget/FoldersJsTreeWidget.php""]";578ff32d6b46dc41547852164a85c24c
199;app;"Просмотр папки";"[""common/widgets/JsTreeWidget/FoldersJsTreeWidget.php""]";578ff32d6b46dc41547852164a85c24c
200;app;"Изменить папку";"[""common/widgets/JsTreeWidget/FoldersJsTreeWidget.php""]";578ff32d6b46dc41547852164a85c24c
201;app;"Удалить папку";"[""common/widgets/JsTreeWidget/FoldersJsTreeWidget.php""]";578ff32d6b46dc41547852164a85c24c
202;app;"Отсутствуют обязательные свойства ""getRootUrl"" или ""getChildUrl"" или массив элементов ""items"".";"[""common/widgets/JsTreeWidget/views/folders-and-elements.php""]";578ff32d6b46dc41547852164a85c24c
203;app;"Отсутствуюет массив элементов ""items"".";"[""common/widgets/JsTreeWidget/views/folders.php""]";578ff32d6b46dc41547852164a85c24c
204;app;"Если Вы не регистрировались на нашем сайте, то просто удалите это письмо.";"[""common/mail/confirm-email.php""]";578ff32d6b46dc41547852164a85c24c
206;app;Успешно;"[""backend/modules/user/controllers/ManageController.php"",""backend/modules/user/controllers/ManageController.php"",""backend/modules/user/controllers/ManageController.php"",""backend/modules/document/controllers/TemplateManageController.php"",""backend/modules/document/controllers/TemplateManageController.php"",""backend/modules/document/controllers/TemplateManageController.php"",""backend/modules/document/controllers/FolderManageController.php"",""backend/modules/document/controllers/FolderManageController.php"",""backend/modules/document/controllers/FolderManageController.php"",""backend/modules/document/controllers/FieldManageController.php"",""backend/modules/document/controllers/FieldManageController.php"",""backend/modules/document/controllers/FieldManageController.php"",""backend/modules/document/controllers/ElementManageController.php"",""backend/modules/document/controllers/ElementManageController.php"",""backend/modules/document/controllers/ElementManageController.php"",""backend/modules/document/controllers/ElementManageController.php"",""backend/modules/i18n/controllers/ManageController.php"",""backend/modules/role/controllers/ManageController.php"",""backend/modules/role/controllers/ManageController.php"",""backend/modules/role/controllers/ManageController.php"",""backend/modules/role/controllers/ManageController.php"",""backend/modules/role/controllers/ManageController.php"",""backend/modules/role/controllers/ManageController.php"",""backend/modules/role/controllers/ManageController.php"",""backend/modules/role/controllers/ManageController.php"",""backend/modules/role/controllers/ManageController.php"",""common/widgets/Basket/controllers/BmController.php""]";578ff32d6b46dc41547852164a85c24c
207;app;"Вход на сайт";"[""backend/modules/user/views/auth/login.php""]";578ff32d6b46dc41547852164a85c24c
208;app;"Авторизуйтесь, чтобы перейти к панели управления сайтом.";"[""backend/modules/user/views/auth/login.php""]";578ff32d6b46dc41547852164a85c24c
209;app;"Удалить пользователя?";"[""backend/modules/user/views/manage/confirm-delete-user.php""]";578ff32d6b46dc41547852164a85c24c
210;app;Да;"[""backend/modules/user/views/manage/confirm-delete-user.php"",""backend/modules/document/views/element-manage/confirm-delete-element.php"",""backend/modules/document/views/template-manage/confirm-delete-template.php"",""backend/modules/document/views/folder-manage/confirm-delete-folder.php"",""backend/modules/document/views/field-manage/confirm-delete-field.php"",""backend/modules/document/views/field-manage/view-field.php"",""backend/modules/document/views/field-manage/view-field.php"",""backend/modules/role/views/manage/confirm-delete-auth-rule.php"",""backend/modules/role/views/manage/confirm-delete-auth-item.php"",""backend/modules/role/views/manage/confirm-delete-auth-item-child.php""]";578ff32d6b46dc41547852164a85c24c
211;app;Нет;"[""backend/modules/user/views/manage/confirm-delete-user.php"",""backend/modules/document/views/element-manage/confirm-delete-element.php"",""backend/modules/document/views/template-manage/confirm-delete-template.php"",""backend/modules/document/views/folder-manage/confirm-delete-folder.php"",""backend/modules/document/views/field-manage/confirm-delete-field.php"",""backend/modules/document/views/field-manage/view-field.php"",""backend/modules/document/views/field-manage/view-field.php"",""backend/modules/role/views/manage/confirm-delete-auth-rule.php"",""backend/modules/role/views/manage/confirm-delete-auth-item.php"",""backend/modules/role/views/manage/confirm-delete-auth-item-child.php""]";578ff32d6b46dc41547852164a85c24c
212;app;"Создать пользователя";"[""backend/modules/user/views/manage/modal-user.php"",""backend/modules/user/views/manage/_grid-user-block.php""]";578ff32d6b46dc41547852164a85c24c
213;app;"Изменить пользователя";"[""backend/modules/user/views/manage/modal-user.php"",""backend/modules/user/views/manage/_grid-user-block.php""]";578ff32d6b46dc41547852164a85c24c
214;app;"Просмотр пользователя";"[""backend/modules/user/views/manage/_grid-user-block.php"",""backend/modules/document/views/basket/_grid-basket-block.php""]";578ff32d6b46dc41547852164a85c24c
215;app;"Удалить пользователя";"[""backend/modules/user/views/manage/_grid-user-block.php""]";578ff32d6b46dc41547852164a85c24c
216;app;"У Вас нет прав для просмотра.";"[""backend/modules/user/views/manage/_grid-user-block.php""]";578ff32d6b46dc41547852164a85c24c
217;app;"Просмотр роли или разрешения";"[""backend/modules/user/views/manage/view-user.php"",""backend/modules/role/views/manage/_grid-auth-item-block.php"",""backend/modules/role/views/manage/view-auth-item.php""]";578ff32d6b46dc41547852164a85c24c
218;app;"Менеджер пользователей";"[""backend/modules/user/views/manage/index.php""]";578ff32d6b46dc41547852164a85c24c
219;app;"Экспорт пользователей, их ролей и соц. ключей в CSV";"[""backend/modules/user/views/manage/index.php""]";578ff32d6b46dc41547852164a85c24c
220;app;Пользователи;"[""backend/modules/user/views/manage/index.php"",""backend/views/layouts/left.php"",""backend/views/layouts/left.php""]";578ff32d6b46dc41547852164a85c24c
221;app;"Внимание!!! Папка содержит элементы, удалите сперва их.";"[""backend/modules/document/controllers/FolderManageController.php""]";578ff32d6b46dc41547852164a85c24c
222;app;"Создать элемент";"[""backend/modules/document/views/element-manage/modal-element.php"",""backend/modules/document/views/element-manage/_grid-elements-block.php""]";578ff32d6b46dc41547852164a85c24c
223;app;"Изменить элемент";"[""backend/modules/document/views/element-manage/modal-element.php"",""backend/modules/document/views/element-manage/_grid-elements-block.php""]";578ff32d6b46dc41547852164a85c24c
224;app;От;"[""backend/modules/document/views/element-manage/text-field.php""]";578ff32d6b46dc41547852164a85c24c
225;app;До;"[""backend/modules/document/views/element-manage/text-field.php""]";578ff32d6b46dc41547852164a85c24c
226;app;"Удалить элемент";"[""backend/modules/document/views/element-manage/confirm-delete-element.php"",""backend/modules/document/views/element-manage/_grid-elements-block.php""]";578ff32d6b46dc41547852164a85c24c
227;app;"Просмотр элемента";"[""backend/modules/document/views/element-manage/_grid-elements-block.php"",""backend/modules/document/views/element-manage/view-element.php""]";578ff32d6b46dc41547852164a85c24c
228;app;Просмотров;"[""backend/modules/document/views/element-manage/_grid-elements-block.php"",""backend/modules/document/views/folder-manage/view-folder.php""]";578ff32d6b46dc41547852164a85c24c
229;app;Лайков;"[""backend/modules/document/views/element-manage/_grid-elements-block.php"",""backend/modules/document/views/folder-manage/view-folder.php""]";578ff32d6b46dc41547852164a85c24c
230;app;"Для создания и отображения документов, необходимо выбрать папку.";"[""backend/modules/document/views/element-manage/_grid-elements-block.php""]";578ff32d6b46dc41547852164a85c24c
231;app;"Удалить файл?";"[""backend/modules/document/views/element-manage/_files.php"",""backend/modules/document/views/element-manage/_file.php""]";578ff32d6b46dc41547852164a85c24c
232;app;"Удалить элемент?";"[""backend/modules/document/views/element-manage/_files.php"",""backend/modules/document/views/element-manage/_file.php""]";578ff32d6b46dc41547852164a85c24c
233;app;"Повторить название";"[""backend/modules/document/views/element-manage/_form-element.php"",""backend/modules/document/views/folder-manage/_form-folder.php""]";578ff32d6b46dc41547852164a85c24c
234;app;Сформировать;"[""backend/modules/document/views/element-manage/_form-element.php"",""backend/modules/document/views/folder-manage/_form-folder.php""]";578ff32d6b46dc41547852164a85c24c
235;app;"Из названия";"[""backend/modules/document/views/element-manage/_form-element.php"",""backend/modules/document/views/folder-manage/_form-folder.php""]";578ff32d6b46dc41547852164a85c24c
236;app;"Из заголовка";"[""backend/modules/document/views/element-manage/_form-element.php"",""backend/modules/document/views/folder-manage/_form-folder.php""]";578ff32d6b46dc41547852164a85c24c
237;app;"Создать шаблон";"[""backend/modules/document/views/template-manage/modal-template.php"",""backend/modules/document/views/template-manage/_grid-templates-block.php""]";578ff32d6b46dc41547852164a85c24c
238;app;"Изменить шаблон";"[""backend/modules/document/views/template-manage/modal-template.php""]";578ff32d6b46dc41547852164a85c24c
239;app;"Просмотр шаблона";"[""backend/modules/document/views/template-manage/_grid-templates-block.php"",""backend/modules/document/views/template-manage/view-template.php""]";578ff32d6b46dc41547852164a85c24c
240;app;Поля;"[""backend/modules/document/views/template-manage/_grid-templates-block.php""]";578ff32d6b46dc41547852164a85c24c
241;app;"Добавить поле";"[""backend/modules/document/views/template-manage/_grid-templates-block.php"",""backend/modules/document/views/template-manage/_grid-templates-block.php"",""backend/modules/document/views/field-manager/modal-field.php"",""backend/modules/document/views/field-manage/modal-field.php""]";578ff32d6b46dc41547852164a85c24c
242;app;"Удалить шаблон";"[""backend/modules/document/views/template-manage/confirm-delete-template.php""]";578ff32d6b46dc41547852164a85c24c
243;app;"Просмотр элемента корзины";"[""backend/modules/document/views/basket/view-basket.php""]";578ff32d6b46dc41547852164a85c24c
244;app;"Нет прав для просмотра.";"[""backend/modules/document/views/basket/_grid-basket-block.php""]";578ff32d6b46dc41547852164a85c24c
245;app;"Менеджер корзины";"[""backend/modules/document/views/basket/index.php""]";578ff32d6b46dc41547852164a85c24c
246;app;"Экспорт корзины в CSV";"[""backend/modules/document/views/basket/index.php""]";578ff32d6b46dc41547852164a85c24c
247;app;"Изменить поле";"[""backend/modules/document/views/field-manager/modal-field.php"",""backend/modules/document/views/field-manage/modal-field.php"",""backend/modules/document/views/field-manage/__fields_of_template.php""]";578ff32d6b46dc41547852164a85c24c
248;app;"Удалить поле";"[""backend/modules/document/views/field-manage/confirm-delete-field.php"",""backend/modules/document/views/field-manage/__fields_of_template.php""]";578ff32d6b46dc41547852164a85c24c
249;app;Значения;"[""backend/modules/document/views/field-manage/_form-field.php""]";578ff32d6b46dc41547852164a85c24c
250;app;"Просмотр поля";"[""backend/modules/document/views/field-manage/view-field.php"",""backend/modules/document/views/field-manage/__fields_of_template.php""]";578ff32d6b46dc41547852164a85c24c
251;app;"Менеджер документов";"[""backend/modules/document/views/manage/index.php""]";578ff32d6b46dc41547852164a85c24c
252;app;"Экспорт всех шаблонов и документов в CSV";"[""backend/modules/document/views/manage/index.php""]";578ff32d6b46dc41547852164a85c24c
253;app;Папки;"[""backend/modules/document/views/manage/index.php""]";578ff32d6b46dc41547852164a85c24c
254;app;Документы;"[""backend/modules/document/views/manage/index.php"",""backend/views/layouts/left.php""]";578ff32d6b46dc41547852164a85c24c
255;app;Шаблоны;"[""backend/modules/document/views/manage/index.php""]";578ff32d6b46dc41547852164a85c24c
256;app;"Новых сообщений:";"[""backend/modules/i18n/controllers/ManageController.php""]";578ff32d6b46dc41547852164a85c24c
257;app;"Удаленных сообщений:";"[""backend/modules/i18n/controllers/ManageController.php""]";578ff32d6b46dc41547852164a85c24c
258;app;"Кеш успешно очищен.";"[""backend/modules/i18n/controllers/ManageController.php""]";578ff32d6b46dc41547852164a85c24c
259;app;Ошибка;"[""backend/modules/i18n/controllers/ManageController.php""]";578ff32d6b46dc41547852164a85c24c
260;app;"Управление I18n";"[""backend/modules/i18n/views/manage/index.php""]";578ff32d6b46dc41547852164a85c24c
261;app;"Экспорт I18n в CSV";"[""backend/modules/i18n/views/manage/index.php""]";578ff32d6b46dc41547852164a85c24c
262;app;"Поиск новых сообщений";"[""backend/modules/i18n/views/manage/index.php""]";578ff32d6b46dc41547852164a85c24c
263;app;"Очистить кеш";"[""backend/modules/i18n/views/manage/index.php""]";578ff32d6b46dc41547852164a85c24c
264;app;Все;"[""backend/modules/i18n/views/manage/index.php""]";578ff32d6b46dc41547852164a85c24c
265;app;"Не переведенные.";"[""backend/modules/i18n/views/manage/index.php""]";578ff32d6b46dc41547852164a85c24c
266;app;Категория;"[""backend/modules/i18n/views/manage/index.php""]";578ff32d6b46dc41547852164a85c24c
267;app;"Вышеупомянутая ошибка возникла, когда веб-сервер обрабатывал ваш запрос.";"[""backend/modules/main/views/manage/error.php""]";578ff32d6b46dc41547852164a85c24c
268;app;"Если вы считаете, что это ошибка сервера, пожалуйста, свяжитесь с нами <strong>{email}</strong>. Спасибо.";"[""backend/modules/main/views/manage/error.php""]";578ff32d6b46dc41547852164a85c24c
269;app;"Рабочий стол";"[""backend/modules/main/views/manage/index.php"",""backend/views/layouts/left.php""]";578ff32d6b46dc41547852164a85c24c
270;app;"Удалить правило";"[""backend/modules/role/views/manage/confirm-delete-auth-rule.php"",""backend/modules/role/views/manage/_grid-auth-rule-block.php""]";578ff32d6b46dc41547852164a85c24c
271;app;"Создать правило";"[""backend/modules/role/views/manage/_grid-auth-rule-block.php"",""backend/modules/role/views/manage/modal-auth-rule.php""]";578ff32d6b46dc41547852164a85c24c
272;app;"Просмотр правила";"[""backend/modules/role/views/manage/_grid-auth-rule-block.php"",""backend/modules/role/views/manage/view-auth-rule.php""]";578ff32d6b46dc41547852164a85c24c
273;app;"Изменить правило";"[""backend/modules/role/views/manage/_grid-auth-rule-block.php"",""backend/modules/role/views/manage/modal-auth-rule.php""]";578ff32d6b46dc41547852164a85c24c
274;app;"Удалить роль или разрешение?";"[""backend/modules/role/views/manage/confirm-delete-auth-item.php""]";578ff32d6b46dc41547852164a85c24c
275;app;"Просмотр наследования RBAC";"[""backend/modules/role/views/manage/view-auth-item-child.php""]";578ff32d6b46dc41547852164a85c24c
276;app;"Создать наследование RBAC";"[""backend/modules/role/views/manage/modal-auth-item-child.php"",""backend/modules/role/views/manage/_grid-auth-item-child-block.php""]";578ff32d6b46dc41547852164a85c24c
277;app;"Изменить наследование RBAC";"[""backend/modules/role/views/manage/modal-auth-item-child.php""]";578ff32d6b46dc41547852164a85c24c
278;app;"Удалить наследование RBAC";"[""backend/modules/role/views/manage/confirm-delete-auth-item-child.php"",""backend/modules/role/views/manage/_grid-auth-item-child-block.php""]";578ff32d6b46dc41547852164a85c24c
279;app;"Изменить роль или разрешение";"[""backend/modules/role/views/manage/_grid-auth-item-block.php"",""backend/modules/role/views/manage/modal-auth-item.php""]";578ff32d6b46dc41547852164a85c24c
280;app;"Удалить роль или разрешение";"[""backend/modules/role/views/manage/_grid-auth-item-block.php""]";578ff32d6b46dc41547852164a85c24c
282;app;"Роли и допуски";"[""backend/modules/role/views/manage/index.php""]";578ff32d6b46dc41547852164a85c24c
283;app;"Экспорт RBAC в CSV";"[""backend/modules/role/views/manage/index.php""]";578ff32d6b46dc41547852164a85c24c
284;app;"Все роли и разрешения";"[""backend/modules/role/views/manage/index.php"",""backend/modules/role/views/manage/index.php""]";578ff32d6b46dc41547852164a85c24c
285;app;"Создать роль или разрешение";"[""backend/modules/role/views/manage/index.php"",""backend/modules/role/views/manage/modal-auth-item.php""]";578ff32d6b46dc41547852164a85c24c
286;app;"Наследование ролей";"[""backend/modules/role/views/manage/index.php""]";578ff32d6b46dc41547852164a85c24c
287;app;"Правила для пользователей";"[""backend/modules/role/views/manage/index.php""]";578ff32d6b46dc41547852164a85c24c
288;app;"Управление странами";"[""backend/modules/geo/views/country/index.php""]";578ff32d6b46dc41547852164a85c24c
289;app;"Экспорт стран в CSV";"[""backend/modules/geo/views/country/index.php""]";578ff32d6b46dc41547852164a85c24c
290;app;Страны;"[""backend/modules/geo/views/country/index.php"",""backend/views/layouts/left.php""]";578ff32d6b46dc41547852164a85c24c
291;app;"Управление городами";"[""backend/modules/geo/views/city/index.php""]";578ff32d6b46dc41547852164a85c24c
292;app;"Экспорт городов в CSV";"[""backend/modules/geo/views/city/index.php""]";578ff32d6b46dc41547852164a85c24c
293;app;Города;"[""backend/modules/geo/views/city/index.php"",""backend/views/layouts/left.php""]";578ff32d6b46dc41547852164a85c24c
294;app;"Управление регионами";"[""backend/modules/geo/views/region/index.php""]";578ff32d6b46dc41547852164a85c24c
295;app;"Экспорт регионов в CSV";"[""backend/modules/geo/views/region/index.php""]";578ff32d6b46dc41547852164a85c24c
296;app;Регионы;"[""backend/modules/geo/views/region/index.php"",""backend/views/layouts/left.php""]";578ff32d6b46dc41547852164a85c24c
297;app;Статистика;"[""backend/modules/settings/views/statistic/index.php"",""backend/views/layouts/left.php""]";578ff32d6b46dc41547852164a85c24c
298;app;"Статистика посещений";"[""backend/modules/settings/views/statistic/index.php""]";578ff32d6b46dc41547852164a85c24c
299;app;"Экспорт статистики посещений в CSV";"[""backend/modules/settings/views/statistic/index.php""]";578ff32d6b46dc41547852164a85c24c
300;app;"Оценка пользователей";"[""backend/modules/settings/views/statistic/index.php""]";578ff32d6b46dc41547852164a85c24c
301;app;"Экспорт оценок пользователей в CSV";"[""backend/modules/settings/views/statistic/index.php""]";578ff32d6b46dc41547852164a85c24c
302;app;"Роли и права";"[""backend/views/layouts/left.php""]";578ff32d6b46dc41547852164a85c24c
303;app;Гео;"[""backend/views/layouts/left.php""]";578ff32d6b46dc41547852164a85c24c
304;app;Настройки;"[""backend/views/layouts/left.php""]";578ff32d6b46dc41547852164a85c24c
305;app;"Экспорт всей БД в CSV";"[""backend/views/layouts/left.php""]";578ff32d6b46dc41547852164a85c24c
306;app;"Файловый менеджер";"[""backend/views/layouts/left.php""]";578ff32d6b46dc41547852164a85c24c
307;app;"Папки и элементы";"[""backend/views/layouts/header.php""]";578ff32d6b46dc41547852164a85c24c
308;app;Количество;"[""common/models/Basket.php"",""console/migrations/m000000_000002_cms_shop.php""]";578ff32d6b46dc41547852164a85c24c
309;app;"Статус оплаты";"[""common/models/Basket.php"",""console/migrations/m000000_000002_cms_shop.php""]";578ff32d6b46dc41547852164a85c24c
310;app;"В корзину";"[""common/widgets/Basket/views/index.php""]";578ff32d6b46dc41547852164a85c24c
311;app;"Панель администрирования";"[""backend/views/layouts/left.php""]";578ff32d6b46dc41547852164a85c24c
313;app;"У вас нет доступа к этой странице";"[""backend/modules/user/controllers/ManageController.php"",""backend/modules/document/controllers/TemplateManageController.php"",""backend/modules/document/controllers/ManageController.php"",""backend/modules/document/controllers/FolderManageController.php"",""backend/modules/document/controllers/FieldManageController.php"",""backend/modules/document/controllers/ElementManageController.php"",""backend/modules/document/controllers/BasketController.php"",""backend/modules/i18n/controllers/ManageController.php"",""backend/modules/main/controllers/ManageController.php"",""backend/modules/role/controllers/ManageController.php"",""backend/modules/geo/controllers/RegionController.php"",""backend/modules/geo/controllers/CityController.php"",""backend/modules/geo/controllers/CountryController.php"",""backend/modules/settings/controllers/StatisticController.php""]";578ff32d6b46dc41547852164a85c24c
314;app;"Маршрут к действию контроллера.";"[""backend/modules/role/views/manage/_form-auth-item.php""]";578ff32d6b46dc41547852164a85c24c
343;app;"Таблица ‘user’ пользователи. Отображает всех пользователей сайта.";"[""backend/modules/user/views/manage/index.php""]";578ff32d6b46dc41547852164a85c24c
344;app;"Пользователь не зарегистрирован.";"[""backend/modules/document/views/basket/_grid-basket-block.php""]";578ff32d6b46dc41547852164a85c24c
345;app;"Таблица ‘basket’ корзина. Отображает добавленные в корзину товары, их количество и пользователей, которые их заказали.";"[""backend/modules/document/views/basket/index.php""]";578ff32d6b46dc41547852164a85c24c
346;app;"Таблица ‘document’ документы. Папки CMS. Отображает основную структуру сайта. Нажатие правой кнопки мыши на выбранной папки – для создания, редактирования, просмотра, удаления этой папки. Нажатие левой кнопки мыши на выбранной папки – для создания, редактирования, просмотра, удаления элементов этой папки.";"[""backend/modules/document/views/manage/index.php""]";578ff32d6b46dc41547852164a85c24c
347;app;"Таблица ‘document’ документы. Элементы определенной папки. Это могут быть публикации, товары, шаблоны писем или собственные элементы, используемые на сайте. Чтобы создать, редактировать, просматривать, удалять элементы, выберите папку.";"[""backend/modules/document/views/manage/index.php""]";578ff32d6b46dc41547852164a85c24c
348;app;"Таблица ‘template’ шаблоны. содержит шаблоны для элементов. Шаблоны назначаются папкам и применяются к элементам этих папок.";"[""backend/modules/document/views/manage/index.php""]";578ff32d6b46dc41547852164a85c24c
349;app;"Таблицы ‘source_message’ исходный текст и категория, и ‘message’ их перевод. Управление мультиязычностью.";"[""backend/modules/i18n/views/manage/index.php""]";578ff32d6b46dc41547852164a85c24c
350;app;"Создание и редактирование новых ролей и разрешений. Назначение разрешений для используемых ролей.";"[""backend/modules/role/views/manage/_grid-auth-item-block.php""]";578ff32d6b46dc41547852164a85c24c
351;app;"Таблицы ‘auth_item, auth_item_child’ RBAC.";"[""backend/modules/role/views/manage/_grid-auth-item-block.php"",""backend/modules/role/views/manage/index.php""]";578ff32d6b46dc41547852164a85c24c
352;app;"Таблица ‘auth_rule’ RBAC правила.";"[""backend/modules/role/views/manage/index.php""]";578ff32d6b46dc41547852164a85c24c
353;app;"Таблица ‘geo_country’ страны. Содержит список стран и информацию о них.";"[""backend/modules/geo/views/country/index.php""]";578ff32d6b46dc41547852164a85c24c
354;app;"Таблица ‘geo_city’ города. Содержит список городов и информацию о них.";"[""backend/modules/geo/views/city/index.php""]";578ff32d6b46dc41547852164a85c24c
355;app;"Таблица ‘geo_region’ регионы. Содержит список регионов и информацию о них.";"[""backend/modules/geo/views/region/index.php""]";578ff32d6b46dc41547852164a85c24c
356;app;"Таблица ‘visit’ статистика посещений.";"[""backend/modules/settings/views/statistic/index.php""]";578ff32d6b46dc41547852164a85c24c
357;app;"Таблица ‘like’ статистика оценок.";"[""backend/modules/settings/views/statistic/index.php""]";578ff32d6b46dc41547852164a85c24c
358;app;"Дальнейшее вложение папок пока не предусмотрено.";"[""backend/modules/document/controllers/FolderManageController.php""]";578ff32d6b46dc41547852164a85c24c
359;app;"Войти используя социальную сеть";"[""frontend/modules/signup/views/default/signup.php"",""frontend/modules/login/views/default/login.php""]";578ff32d6b46dc41547852164a85c24c
360;app;"Проверьте вашу электронную почту и следуйте дальнейшим инструкциям.";"[""frontend/modules/login/controllers/DefaultController.php""]";578ff32d6b46dc41547852164a85c24c
361;app;"К сожалению, мы не можем сбросить пароль для введенной электронной почты.";"[""frontend/modules/login/controllers/DefaultController.php""]";578ff32d6b46dc41547852164a85c24c
362;app;"Введите адрес электронной почты, для сброса пароля";"[""frontend/modules/login/views/default/_request-password-reset-token-form.php""]";578ff32d6b46dc41547852164a85c24c
363;app;Выбрать;"[""frontend/modules/geo/views/default/_geo-form.php""]";578ff32d6b46dc41547852164a85c24c
364;app;"Метка для шаблона";"[""common/models/Template.php"",""console/migrations/m000000_000002_cms_shop.php""]";578ff32d6b46dc41547852164a85c24c
371;app;"Ключ входа успешно добавлен.";"[""common/widgets/oAuth/controllers/AuthController.php"",""common/widgets/oAuth/controllers/AuthController.php""]";578ff32d6b46dc41547852164a85c24c
373;app;"Данный ключ уже закреплен за другим пользователем сайта.";"[""common/widgets/oAuth/controllers/AuthController.php""]";578ff32d6b46dc41547852164a85c24c
379;app;"Выбор местоположения";"[""Table \"document\" field \"name\", ID = 13""]";578ff32d6b46dc41547852164a85c24c
381;app;"Шаблон для выбора местоположения";"[""Table \"template\" field \"name\", ID = 2""]";578ff32d6b46dc41547852164a85c24c
382;app;"Допустимые поля: страна, регион, город. Используется в главном меню фронтенда, в модальном окне.";"[""Table \"template\" field \"description\", ID = 2""]";578ff32d6b46dc41547852164a85c24c
383;app;"Забыли пароль?";"[""frontend/modules/login/views/default/_login-form.php""]";578ff32d6b46dc41547852164a85c24c
384;app;"Изменить профиль";"[""frontend/views/templates/profile/index.php"",""frontend/views/templates/profile/index.php""]";578ff32d6b46dc41547852164a85c24c
385;app;"Создать профиль";"[""frontend/views/templates/profile/index.php"",""frontend/views/templates/profile/index.php""]";578ff32d6b46dc41547852164a85c24c
386;app;"Заполните профиль";"[""frontend/views/templates/profile/profile.php""]";578ff32d6b46dc41547852164a85c24c
388;app;"Профиль пользователя";"[""common/models/User.php"",""console/migrations/m000000_000002_cms_shop.php""]";578ff32d6b46dc41547852164a85c24c
389;app;"Выберите профиль";"[""common/widgets/TemplateOfElement/forms/ProfileTemplateForm.php""]";578ff32d6b46dc41547852164a85c24c
390;app;"Профиль пользователя 1";"[""Table \"document\" field \"name\", ID = 14""]";578ff32d6b46dc41547852164a85c24c
393;app;"Шаблон для профиля пользователя 1";"[""Table \"template\" field \"name\", ID = 3"",""Table \"template\" field \"description\", ID = 3""]";578ff32d6b46dc41547852164a85c24c
401;app;"Пользователь не найден.";"[""frontend/modules/signup/controllers/DefaultController.php""]";578ff32d6b46dc41547852164a85c24c
402;app;"Необходимо подтвердить ваш емайл.";"[""frontend/modules/login/controllers/DefaultController.php"",""common/widgets/oAuth/controllers/AuthController.php""]";578ff32d6b46dc41547852164a85c24c
403;app;"Регистрация пользователя";"[""frontend/web/assets/5e2f12aa/signup/signup.php"",""frontend/web/assets/5e2f12aa/login/login.php"",""frontend/views/templates/signup/signup.php"",""frontend/views/templates/login/login.php""]";578ff32d6b46dc41547852164a85c24c
404;app;"Подтвердить емайл";"[""frontend/web/assets/5e2f12aa/signup/confirm-email.php"",""frontend/views/templates/signup/confirm-email.php""]";578ff32d6b46dc41547852164a85c24c
405;app;"Пользовательское соглашение";"[""frontend/views/site/user-agreement.php""]";578ff32d6b46dc41547852164a85c24c
406;app;"Политика конфиденциальности";"[""frontend/views/site/privacy-policy.php""]";578ff32d6b46dc41547852164a85c24c
407;app;"Авторизация прошла успешно.";"[""common/widgets/oAuth/controllers/AuthController.php""]";578ff32d6b46dc41547852164a85c24c
408;app;"Ключ входа успешно добавлен. Необходимо подтвердить ваш емайл.";"[""common/widgets/oAuth/controllers/AuthController.php""]";578ff32d6b46dc41547852164a85c24c
413;app;"Добавить комментарий";"[""frontend/views/templates/comment/_button-add-comment.php""]";578ff32d6b46dc41547852164a85c24c
414;app;Отмена;"[""frontend/views/templates/comment/_form-comment.php""]";578ff32d6b46dc41547852164a85c24c
415;app;"Комментарии могут оставлять только зарегистрированные пользователи.";"[""frontend/views/templates/comment/index.php""]";578ff32d6b46dc41547852164a85c24c
416;app;"Нет доступа";"[""backend/modules/document/views/element-manage/_grid-elements-block.php"",""backend/modules/document/views/element-manage/view-element.php"",""backend/modules/document/views/element-manage/view-element.php"",""backend/modules/document/views/element-manage/view-element.php""]";578ff32d6b46dc41547852164a85c24c
417;app;Нравиться;"[""common/models/Like.php"",""console/migrations/m000000_000002_cms_shop.php""]";578ff32d6b46dc41547852164a85c24c
418;app;"Не нравиться";"[""common/models/Like.php"",""console/migrations/m000000_000002_cms_shop.php""]";578ff32d6b46dc41547852164a85c24c
419;app;"Количество звезд";"[""common/models/Like.php"",""console/migrations/m000000_000002_cms_shop.php""]";578ff32d6b46dc41547852164a85c24c
420;app;Комментарий;"[""common/models/Like.php"",""common/models/Comment.php"",""console/migrations/m000000_000002_cms_shop.php""]";578ff32d6b46dc41547852164a85c24c
421;app;"Разрешена оценка элемента";"[""common/models/Template.php"",""console/migrations/m000000_000002_cms_shop.php""]";578ff32d6b46dc41547852164a85c24c
422;app;"Разрешены комментарии к элементу";"[""common/models/Template.php"",""console/migrations/m000000_000002_cms_shop.php""]";578ff32d6b46dc41547852164a85c24c
423;app;"Ответ на коммментарий";"[""common/models/Comment.php"",""console/migrations/m000000_000002_cms_shop.php""]";578ff32d6b46dc41547852164a85c24c
424;app;Проверен;"[""common/models/Comment.php"",""console/migrations/m000000_000002_cms_shop.php""]";578ff32d6b46dc41547852164a85c24c
425;app;Ответить;"[""frontend/views/templates/comment/__buttons-comment.php""]";578ff32d6b46dc41547852164a85c24c
426;app;Редактировать;"[""frontend/views/templates/comment/__buttons-comment.php""]";578ff32d6b46dc41547852164a85c24c
427;app;Удалить;"[""frontend/views/templates/comment/__buttons-comment.php""]";578ff32d6b46dc41547852164a85c24c
428;app;"Удалить комментарий";"[""frontend/views/templates/comment/confirm-delete-comment.php""]";578ff32d6b46dc41547852164a85c24c
429;app;"Режим перевода";"[""common/models/Template.php"",""console/migrations/m000000_000002_cms_shop.php""]";578ff32d6b46dc41547852164a85c24c
431;app;"Только названия";"[""common/models/extend/TemplateExtend.php""]";578ff32d6b46dc41547852164a85c24c
432;app;"Не переводить";"[""common/models/extend/TemplateExtend.php""]";578ff32d6b46dc41547852164a85c24c
433;app;"Ваш аккаунт заблокирован.";"[""frontend/modules/control/controllers/DefaultController.php""]";578ff32d6b46dc41547852164a85c24c
436;app;"Голосов {votes_number}";"[""frontend/views/templates/rating/percentage.php""]";578ff32d6b46dc41547852164a85c24c
438;app;"Создать комментарий";"[""backend/modules/comment/views/manage/modal-comment.php""]";578ff32d6b46dc41547852164a85c24c
439;app;"Изменить комментарий";"[""backend/modules/comment/views/manage/modal-comment.php"",""backend/modules/comment/views/manage/index.php""]";578ff32d6b46dc41547852164a85c24c
440;app;"Просмотр комментария";"[""backend/modules/comment/views/manage/view-comment.php"",""backend/modules/comment/views/manage/index.php""]";578ff32d6b46dc41547852164a85c24c
441;app;"Управление комментариями";"[""backend/modules/comment/views/manage/index.php""]";578ff32d6b46dc41547852164a85c24c
442;app;"Экспорт комментариев в CSV";"[""backend/modules/comment/views/manage/index.php""]";578ff32d6b46dc41547852164a85c24c
443;app;Комментарии;"[""backend/modules/comment/views/manage/index.php"",""backend/views/layouts/left.php""]";578ff32d6b46dc41547852164a85c24c
444;app;"Таблица ‘comment’. Комментарии пользователей.";"[""backend/modules/comment/views/manage/index.php""]";578ff32d6b46dc41547852164a85c24c
450;app;"Название роли или разрешения";"[""common/models/AuthAssignment.php""]";578ff32d6b46dc41547852164a85c24c
452;app;"Статус комментария";"[""console/migrations/m000000_000002_cms_shop.php""]";578ff32d6b46dc41547852164a85c24c
453;app;"Переводить все";"[""common/models/extend/TemplateExtend.php""]";578ff32d6b46dc41547852164a85c24c
454;app;"<h1>Главная страница</h1>
";"[""Table \"document\" field \"content\", ID = 2""]";578ff32d6b46dc41547852164a85c24c
455;app;Товары;"[""Table \"document\" field \"name\", ID = 4"",""Table \"document\" field \"title\", ID = 4""]";578ff32d6b46dc41547852164a85c24c
456;app;"<h1>Товары</h1>
";"[""Table \"document\" field \"content\", ID = 4""]";578ff32d6b46dc41547852164a85c24c
457;app;"<h1>Войти</h1>
";"[""Table \"document\" field \"content\", ID = 5""]";578ff32d6b46dc41547852164a85c24c
458;app;"<h1>Регистрация</h1>
";"[""Table \"document\" field \"content\", ID = 6""]";578ff32d6b46dc41547852164a85c24c
459;app;"<h1>Профиль</h1>
";"[""Table \"document\" field \"content\", ID = 7""]";578ff32d6b46dc41547852164a85c24c
460;app;"Шаблоны писем";"[""Table \"document\" field \"name\", ID = 8"",""Table \"document\" field \"title\", ID = 8""]";578ff32d6b46dc41547852164a85c24c
461;app;"Подтверждение регистрации";"[""Table \"document\" field \"name\", ID = 9"",""Table \"document\" field \"title\", ID = 9""]";578ff32d6b46dc41547852164a85c24c
462;app;"<p>Здравствуйте, {NAME_1}!</p>

<p>Пожалуйста, для подтверждения адреса эл. почты пройдите по ссылке.</p>

<p>Логин: {EMAIL_1}</p>

<p>Пароль: {PASS_1}</p>

<p><a href=""{URL_1}"">активация</a></p>

<p>Если Вы не регистрировались у на нашем сайте, то просто удалите это письмо.</p>

<p>{DATE_1}</p>
";"[""Table \"document\" field \"content\", ID = 9""]";578ff32d6b46dc41547852164a85c24c
463;app;"<p>Здравствуйте, {EMAIL_1}!</p>

<p>Пожалуйста, перейдите по ссылке ниже, чтобы сбросить ваш пароль.</p>

<p><a href=""{URL_1}"">Сброс пароля</a></p>

<p>{DATE_1}</p>
";"[""Table \"document\" field \"content\", ID = 10""]";578ff32d6b46dc41547852164a85c24c
464;app;"Переключение языков";"[""Table \"document\" field \"name\", ID = 12"",""Table \"document\" field \"title\", ID = 12""]";578ff32d6b46dc41547852164a85c24c
465;app;"Ваш комментарий.";"[""frontend/web/assets/18a3ae85/_form-comment.php"",""frontend/web/assets/a1743889/comment/_form-comment.php"",""frontend/views/templates/comment/_form-comment.php""]";578ff32d6b46dc41547852164a85c24c
466;app;"Введите текст";"[""backend/modules/document/views/element-manage/_form-element.php"",""backend/modules/document/views/element-manage/_form-element.php"",""backend/modules/document/views/folder-manage/_form-folder.php"",""backend/modules/document/views/folder-manage/_form-folder.php""]";578ff32d6b46dc41547852164a85c24c
467;app;"Позиция (после)";"[""common/models/ValueString.php"",""common/models/Document.php"",""common/models/ValueText.php"",""common/models/ValueInt.php"",""common/models/ValueFile.php"",""common/models/ValueNumeric.php"",""console/migrations/m000000_000002_cms_shop.php"",""console/migrations/m000000_000002_cms_shop.php"",""console/migrations/m000000_000002_cms_shop.php"",""console/migrations/m000000_000002_cms_shop.php"",""console/migrations/m000000_000002_cms_shop.php"",""console/migrations/m000000_000002_cms_shop.php""]";578ff32d6b46dc41547852164a85c24c
468;app;"Поле '{name}' должно быть числом от {min_val} до {max_val}.";"[""backend/modules/document/views/field-manage/_form-field.php"",""console/migrations/m000000_000002_cms_shop.php""]";578ff32d6b46dc41547852164a85c24c
469;app;"Поле '{name}' должно содержать от {min_str} до {max_str} символов.";"[""backend/modules/document/views/field-manage/_form-field.php"",""console/migrations/m000000_000002_cms_shop.php""]";578ff32d6b46dc41547852164a85c24c
470;app;"Поле '{name}' обязательно для заполнения.";"[""backend/modules/document/views/field-manage/_form-field.php"",""backend/modules/document/views/field-manage/_form-field.php"",""backend/modules/document/views/field-manage/_form-field.php"",""console/migrations/m000000_000002_cms_shop.php""]";578ff32d6b46dc41547852164a85c24c
471;app;"Поле '{name}' должно быть уникально.";"[""backend/modules/document/views/field-manage/_form-field.php"",""backend/modules/document/views/field-manage/_form-field.php"",""console/migrations/m000000_000002_cms_shop.php""]";578ff32d6b46dc41547852164a85c24c
472;app;"Размер файла должен быть от {min_val} до {max_val} байт.";"[""backend/modules/document/views/field-manage/_form-field.php""]";578ff32d6b46dc41547852164a85c24c
473;app;"Количество файлов должно быль от {min_str} до {max_str} штук.";"[""backend/modules/document/views/field-manage/_form-field.php""]";578ff32d6b46dc41547852164a85c24c
474;app;"Поле '{name}' должно быть от {min_val} до {max_val}.";"[""backend/modules/document/views/field-manage/_form-field.php""]";578ff32d6b46dc41547852164a85c24c
475;app;"Минимальное числовое значение (байт)";"[""backend/modules/document/views/field-manage/_form-field.php"",""backend/modules/document/views/field-manage/_form-field.php""]";578ff32d6b46dc41547852164a85c24c
476;app;"Максимальное числовое значение (байт)";"[""backend/modules/document/views/field-manage/_form-field.php"",""backend/modules/document/views/field-manage/_form-field.php""]";578ff32d6b46dc41547852164a85c24c
477;app;"Минимальное количество файлов";"[""backend/modules/document/views/field-manage/_form-field.php""]";578ff32d6b46dc41547852164a85c24c
478;app;"Максимальное количество файлов";"[""backend/modules/document/views/field-manage/_form-field.php""]";578ff32d6b46dc41547852164a85c24c
479;app;"Сообщение ошибки если поле не заполнено.";"[""common/models/Field.php"",""console/migrations/m000000_000002_cms_shop.php""]";578ff32d6b46dc41547852164a85c24c
480;app;"Сообщение ошибки если поле уже есть в БД.";"[""common/models/Field.php"",""console/migrations/m000000_000002_cms_shop.php""]";578ff32d6b46dc41547852164a85c24c
481;app;"Минимальное числовое значение.";"[""common/models/Field.php"",""console/migrations/m000000_000002_cms_shop.php""]";578ff32d6b46dc41547852164a85c24c
482;app;"Максимальное числовое значение.";"[""common/models/Field.php"",""console/migrations/m000000_000002_cms_shop.php""]";578ff32d6b46dc41547852164a85c24c
483;app;"Сообщение ошибки если поле не соответствует значениям.";"[""common/models/Field.php"",""console/migrations/m000000_000002_cms_shop.php""]";578ff32d6b46dc41547852164a85c24c
484;app;"Минимальное количество символов.";"[""common/models/Field.php"",""console/migrations/m000000_000002_cms_shop.php""]";578ff32d6b46dc41547852164a85c24c
485;app;"Максимальное количество символов.";"[""common/models/Field.php"",""console/migrations/m000000_000002_cms_shop.php""]";578ff32d6b46dc41547852164a85c24c
486;app;"Сообщение ошибки если поле не соответствует кол-ву символов.";"[""common/models/Field.php"",""console/migrations/m000000_000002_cms_shop.php""]";578ff32d6b46dc41547852164a85c24c
487;app;"Маска поля";"[""common/models/Field.php"",""console/migrations/m000000_000002_cms_shop.php""]";578ff32d6b46dc41547852164a85c24c
488;app;"Целое число (INT)";"[""common/models/extend/FieldExtend.php""]";578ff32d6b46dc41547852164a85c24c
489;app;"Диапазон целых чисел (INT)";"[""common/models/extend/FieldExtend.php""]";578ff32d6b46dc41547852164a85c24c
490;app;"Число (DOUBLE)";"[""common/models/extend/FieldExtend.php""]";578ff32d6b46dc41547852164a85c24c
491;app;"Диапазон чисел с дробью (DOUBLE)";"[""common/models/extend/FieldExtend.php""]";578ff32d6b46dc41547852164a85c24c
492;app;"Строка (STRING)";"[""common/models/extend/FieldExtend.php""]";578ff32d6b46dc41547852164a85c24c
493;app;"Текст (TEXT)";"[""common/models/extend/FieldExtend.php""]";578ff32d6b46dc41547852164a85c24c
